,diff_association,effect_size,pvalue
0,0.2809092402458191,1.0889533758163452,0.011198880111988802
