,diff_association,effect_size,pvalue
0,-0.046032823622226715,-0.1615612655878067,0.6058394160583942
