,diff_association,effect_size,pvalue
0,0.37755465507507324,0.6704594492912292,0.00029997000299970003
