,diff_association,effect_size,pvalue
0,0.07253769040107727,0.28760018944740295,0.3270672932706729
