,diff_association,effect_size,pvalue
0,0.05597597360610962,0.6210116744041443,0.11338866113388661
