,diff_association,effect_size,pvalue
0,0.5641014575958252,0.6870241761207581,0.0461953804619538
