,diff_association,effect_size,pvalue
0,0.5894762873649597,1.5463144779205322,0.00019998000199980003
