,diff_association,effect_size,pvalue
0,-0.019711434841156006,-1.076263666152954,0.9838016198380162
