,diff_association,effect_size,pvalue
0,-0.027492649853229523,-0.9529180526733398,0.9738026197380262
